"Category","wm"
"All Students",82.1824918512062
"Asian",91.9734947023861
"Black",73.2630813509545
"Female",84.6388585994147
"Hispanic",61.4949007976072
"Male",79.7026034696406
"White",90.0512904593527
